Play #,Column1,ODK,Dn,Dist,Yard ln,Hash,Off form,Off str,Backfield,Off play,Play type,Play dir,Result,gn/ls,Eff,Def Front,Def Strengh,Blitz,Coverage,Qtr
8,0,K,,,-40,R,,,,,KO,,,Out of Bounds,,,,,,1
13,0,K,4,14,-38,R,,,,,Punt Rec,,,Fumble,,,,,,1
18,0,K,4,12,7,M,,,,,FG Block,,,Good,,,,,,1
19,0,K,,,-40,L,,,,,KO Rec,,,Return,,,,,,1
44,0,K,4,1,-32,M,,,,,Punt,,,Return,,,,,,2
48,0,K,4,9,-33,M,,,,,Punt Rec,,,Downed,,,,,,2
58,0,K,4,1,-37,L,,,,,Punt Rec,,,Out of Bounds,,,,,,2
67,0,K,4,18,18,R,,,,,FG Block,,,No Good,,,,,,2
69,0,K,,,-40,L,,,,,KO Rec,,,Touchback,,,,,,3
85,0,K,4,11,19,M,,,,,FG,,,No Good,,,,,,3
92,0,K,,,3,M,,,,,Extra Pt. Block,,,Good,,,,,,3
94,0,K,,,-40,L,,,,,KO Rec,,,Return,,,,,,3
110,0,K,4,8,-43,L,,,,,Punt Rec,,,Downed,,,,,,3
125,0,K,,,3,M,,,,,Extra Pt.,,,Good,,,,,,4
127,0,K,,,-45,L,,,,,Onside Kick,,,Recovered,,,,,,4
134,0,K,4,8,46,M,,,,,Fake Punt,,,Penalty,5,,,,,4
142,0,K,,,3,M,,,,,Extra Pt.,,,Good,,,,,,4
144,0,K,,,-25,L,,,,,KO,,,Penalty,,,,,,4
145,0,K,,,-20,L,,,,,KO,,,Return,,,,,,4
151,0,K,,,3,M,,,,,Extra Pt. Block,,,Good,,,,,,4
153,0,K,,,-40,L,,,,,KO Rec,,,Return,,,,,,4
159,0,K,4,10,24,L,,,,,FG,,,Penalty,-5,,,,,4
160,0,K,4,15,20,L,,,,,FG,,,Good,,,,,,4
169,0,K,,,3,M,,,,,Extra Pt. Block,,,No Good,,,,,,4
1,0,K,,,-40,L,,,,,KO,,Return,,,,,,,1
12,0,K,1,,3,M,,,,,2 Pt. Defend,R,No Good,,,,,,,1
13,0,K,,,-40,M,,,,,KO Rec,,Return,,,,,,,1
30,0,K,4,11,18,L,,,,,FG,,Good,,,,,,,2
31,0,K,,,-40,M,,,,,KO,,Return,,,,,,,2
35,0,K,4,4,-26,R,,,,,Punt Rec,,Return,,,,,,,2
47,0,K,,,3,M,,,,,Extra Pt.,,Good,,,,,,,2
48,0,K,,,-40,R,,,,,KO,,Return,,,,,,,2
71,0,K,4,23,-40,M,,,,,KO Rec,,Return,,,,,,,3
75,0,K,4,1,-28,R,,,,,Punt,,Fair Catch,,,,,,,3
85,0,K,4,7,18,R,,,,,FG,,Timeout,0,,,,,,3
86,0,K,4,7,18,R,,,,,FG,,Good,,,,,,,3
87,0,K,,,-40,M,,,,,KO,,Return,,,,,,,3
99,0,K,1,,3,M,,,,,Extra Pt. Block,,Good,,,,,,,3
100,0,K,,,-40,M,,,,,KO Rec,,Return,,,,,,,3
133,0,K,1,10,19,L,,,,,FG,,No Good,,,,,,,4
136,0,K,,,3,M,,,,,Extra Pt. Block,,Good,,,,,,,4
140,0,K,,,3,M,,,,,Extra Pt.,,Good,,,,,,,4
143,0,K,,,3,M,,,,,Extra Pt.,,Good,,,,,,,4
148,0,K,1,,3,M,,,,,2 Pt. Defend,R,Good,,,,,,,4
9,0,D,2,9,43,M,TRIPLE,L,,,Pass,R,Penalty,15,N,STACK,,,4,1
67,0,D,1,10,-38,L,TRIPLE,R,,SEATTLE (TWIST),Pass,R,Penalty,15,N,OVER,,,4,2
68,0,D,1,10,47,L,TRIPLE,R,,KEY 4 (EAST),Pass,L,Complete,0,Y,OVER,,,4,2
69,0,D,2,10,47,L,TRIPLE,R,,,Pass,L,Sack,-9,Y,OVER,,,4,2
147,0,D,2,10,12,R,TRIPLE,L,,BROWN ALL (SEATTLE),Pass,R,"Complete, TD",12,N,STACK,,,4,4
35,0,D,3,14,14,R,TRIPLE,L,,ZEBRA,Run,R,Rush,0,Y,UNDER,,,4,1
55,0,D,1,10,-28,L,TRIPLE,R,,,Pass,R,Incomplete,0,Y,OVER,,,4,2
63,0,D,2,11,21,L,TRIPLE,R,,,Run,L,Rush,2,Y,OVER,,,3 SKY,2
128,0,D,1,10,-19,R,TRIPLE,L,,,Run,L,Rush,-1,Y,OVER,,,4,4
146,0,D,1,10,23,R,TRIPLE,L,,,Run,R,Rush,2,Y,OVER,,,3 SKY,4
147,0,D,2,8,21,R,TRIPLE,L,,,Run,R,Rush,-7,Y,OVER,,,3 ROLL,4
148,0,D,3,15,28,R,TRIPLE,L,,,Pass,L,Complete,12,Y,STACK,,,4,4
149,0,D,4,3,16,M,TRIPLE,L,,,Run,R,"Rush, TD",16,N,OVER,,,4,4
162,0,D,1,10,25,M,TRIPLE,L,,,Run,R,Rush,-2,Y,STACK,,,3 ROLL,4
163,0,D,2,12,27,M,TRIPLE,L,,BLUE,Pass,R,Complete,4,Y,STACK,,,3 ROLL,4
164,0,D,3,8,23,R,TRIPLE BUNCH SQUEEZE,L,,ROCKET,Pass,L,Complete,12,N,STACK,,,3 ROLL,4
166,0,D,2,10,11,L,TRIPLE,L,,,Run,L,Rush,8,N,STACK,,,3 ROLL,4
167,0,D,3,2,3,L,TRIPLE,R,,,Run,L,"Rush, TD",3,N,BEAR,,,0 MAN,4
93,0,D,2,10,-36,R,TRAILER (13),L,,ZEBRA (WAVE),Run,R,Rush,41,N,UNDER,,,4,3
94,0,D,1,10,23,L,TRAILER (13),R,,ZEBRA (EAST) (WAVE),Run,L,Rush,2,Y,STACK,,,4,3
96,0,D,3,6,19,R,TRAILER (13),,,,,,Timeout,0,Y,,,,,3
116,0,D,1,10,47,R,TRAILER (13),L,,ZEBRA (WAVE),Pass,L,Complete,10,N,OVER,,,4,4
118,0,D,2,1,28,M,TRAILER (13),R,,ZEBRA (EAST) (WAVE),Pass,R,Incomplete,0,Y,STACK,,,3 ROLL,4
146,0,D,1,10,12,R,TRAILER (13),L,,,Pass,L,Incomplete,0,Y,STACK,,,,4
9,0,D,1,10,-42,L,TRAILER,L,,OTTER,Run,R,Penalty,-10,Y,OVER,,,3 ROLL,1
14,0,D,1,10,5,L,TRAILER,R,,OTTER (L),Run,R,Rush,4,N,STACK,,,0 MAN,1
32,0,D,1,5,5,L,TRAILER,R,,,,,Penalty,-5,Y,OVER,,,3 SKY,1
33,0,D,1,10,10,L,TRAILER,L,,,Run,L,Rush,-4,Y,OVER,,,3 ROLL,1
65,0,D,3,10,10,L,TRAILER,L,,,Run,L,Penalty,-9,Y,BEAR,,,1 MAN,2
66,0,D,3,19,19,L,TRAILER,L,,OTTER (L),Run,R,Rush,1,Y,UNDER,,,3 SKY,2
131,0,D,1,10,48,R,TRAILER,R,,,Run,L,Rush,2,Y,STACK,,,3 ROLL,4
133,0,D,3,8,46,L,TRAILER,L,,,Pass,L,Complete,0,Y,STACK,,,4,4
4,0,D,3,8,-14,R,QUADS,L,,OTTER (EAST) (UGLY),Run,L,Rush,12,N,OVER,,,3 ROLL,1
11,0,D,1,6,6,L,QUADS BUNCH,,,OTTER (UGLY),Run,R,"Rush, TD",6,N,UNDER,,,,1
34,0,D,3,9,-21,R,QUADS,L,EMPTY,BROWN ALL,Pass,R,Complete,5,Y,OVER,,,1 MAN PLUG,2
49,0,D,1,10,33,R,QUADS BUNCH,,,OTTER (UGLY),Run,R,Rush,-1,Y,STACK,,,3 CLOUD B,2
50,0,D,2,11,34,R,QUADS,L,EMPTY,DOS BROWN ALL/SEATTLE,Pass,R,Incomplete,0,Y,OVER,,,1 MAN PLUG,2
65,0,D,2,10,-25,R,QUADS,L,EMPTY,SEATTLE,Pass,L,Sack,-6,Y,OVER,,,1 MAN PLUG,2
88,0,D,1,10,-25,R,QUADS,L,,OTTER (EAST (UGLY),Run,L,Rush,3,Y,OVER,,,3 ROLL,3
89,0,D,2,7,-28,L,QUADS BUNCH,,,OTTER (EAST) (UGLY),Run,L,Rush,2,Y,UNDER,,,3 CLOUD B,3
90,0,D,3,5,-30,L,QUADS BUNCH,R,EMPTY,,Pass,R,Complete,1,Y,OVER,,,,3
92,0,D,1,10,-36,R,QUADS BUNCH,L,EMPTY,,Pass,L,Incomplete,0,Y,OVER,,,3 ROLL,3
113,0,D,1,5,-33,R,QUADS TANK,L,,OTTER (EAST) (UGLY),Run,L,Rush,-4,Y,OVER,,,4,4
117,0,D,1,10,37,M,QUADS,L,EMPTY,,Pass,L,Complete,9,N,OVER,,,3 ROLL,4
7,0,D,2,10,-36,R,EMPTY BUNCH,L,EMPTY,JAB,Pass,R,Complete,20,N,OVER,,,4,1
8,0,D,1,10,44,R,EMPTY,R,EMPTY,,Pass,L,Scramble,1,Y,UNDER,,,4,1
52,0,D,2,11,34,R,EMPTY BUNCH,R,EMPTY,JAB,Pass,R,Complete,7,N,OVER,,,3 ROLL,2
54,0,D,4,4,27,R,EMPTY TANK,R,EMPTY,,Run,R,Rush,3,Y,OVER,,,3 ROLL,2
64,0,D,1,10,-25,R,EMPTY,L,EMPTY,BROWN ALL,Pass,R,Incomplete,0,Y,OVER,,,4,2
66,0,D,3,16,-19,M,EMPTY BUNCH,R,EMPTY,KEY 3 (EAST),Pass,L,Complete,19,N,OVER,,,4,2
95,0,D,2,8,21,L,EMPTY TANK,R,EMPTY,OTTER (L),Run,R,Rush,2,Y,STACK,,,4,3
97,0,D,3,6,19,R,EMPTY DODGE,,EMPTY,BROWN ALL,Pass,L,Incomplete,0,Y,OVER,,,,3
98,0,D,4,6,19,R,EMPTY BUNCH,R,EMPTY,,Pass,R,"Complete, TD",19,N,UNDER,,,4,3
114,0,D,2,9,-29,M,EMPTY DODGE,,EMPTY,BROWN ALL,Pass,L,Complete,8,N,OVER,,,4,4
120,0,D,4,5,32,M,EMPTY DODGE,,EMPTY,BROWN ALL,Pass,L,Incomplete,0,Y,STACK,,,4,4
135,0,D,1,10,25,M,EMPTY,R,EMPTY,SILVER (ROCKET),Pass,L,"Complete, TD",25,N,OVER,,,4,4
145,0,D,2,3,18,R,EMPTY BUNCH,L,EMPTY,JAB,Pass,R,Complete,6,N,STACK,,,3 ROLL,4
10,0,D,1,10,28,M,DOUBLES,L,,,Run,L,Rush,22,N,OVER,,,3 SKY,1
32,0,D,1,10,-20,M,DOUBLES,R,,,Run,R,Rush,3,Y,OVER,,,3 ROLL,2
10,0,D,1,20,-32,M,DOUBLES,R,,,Run,R,Rush,4,Y,OVER,,,3 ROLL,1
64,0,D,3,9,19,L,DOUBLES,R,,JAB (VEGAS),Pass,L,Penalty,9,N,STACK,,,3 ROLL,2
87,0,D,1,10,-20,M,DOUBLES,R,,COUGAR,Run,R,Rush,1,Y,UNDER,,,3 CLOUD F,3
129,0,D,2,11,-18,M,DOUBLES,L,,,Pass,L,Incomplete,0,Y,OVER,,,3 SKY,4
132,0,D,2,8,46,M,DOUBLES,L,,,Run,L,Rush,0,Y,UNDER,,,3 SKY,4
6,0,D,1,10,-36,R,DODGE,R,,SEATTLE,Pass,L,Incomplete,0,Y,UNDER,,,4,1
33,0,D,2,7,-23,R,DODGE,L,,,Run,R,Rush,-2,Y,OVER,,,4,2
53,0,D,3,4,27,R,DODGE,L,,,Pass,R,Incomplete,0,Y,OVER,,,4,2
76,0,D,1,10,-36,L,DODGE,R,,,Pass,L,Interception,,Y,OVER,,,,3
2,0,D,1,10,-12,M,DAK,BAL,,BROWN ALL,Run,R,Rush,-5,Y,OVER,,,4,1
3,0,D,2,15,-7,M,DAK,BAL,ACE,OTTER (EAST),Run,R,Rush,7,Y,OVER,,,3 ROLL,1
70,0,D,3,19,-44,L,DAK,BAL,,OTTER (EAST) (UGLY),Run,L,Rush,-4,Y,UNDER,,,4,2
144,0,D,1,10,25,M,DAK,BAL,,OTTER (F),Run,R,Rush,7,N,OVER,,,4,4
34,0,D,2,14,14,L,DAK,BAL,ACE,ZEBRA (EAST) (ROCKET),Run,R,Rush,0,Y,OVER,,,3 ROLL,1
47,0,D,3,9,-33,M,DAK,BAL,,BLUE (WHEELS),Pass,L,Incomplete,0,Y,STACK,,,3 SKY,2
56,0,D,2,10,-28,L,DAK,BAL,,,Pass,L,Complete,8,N,OVER,,,3 CLOUD B,2
57,0,D,3,2,-36,L,DAK,BAL,,,Pass,L,Complete,1,Y,OVER,,,3 SKY,2
62,0,D,1,10,20,L,DAK,BAL,ACE,ZEBRA (ROCKET),Run,R,Rush,-1,Y,OVER,,,3 SKY,2
109,0,D,3,10,-41,L,DAK,BAL,,,Run,R,Rush,2,Y,STACK,,,3 ROLL,3
130,0,D,3,11,-18,M,DAK,BAL,,BROWN,Pass,R,Scramble,34,N,STACK,,,2 MAN,4
11,0,D,2,16,-36,R,BEAST,R,SPLIT,ZEBRA (INSERT),Run,L,Rush,1,Y,OVER,,,3 ROLL,1
12,0,D,3,15,-37,L,BEAST,R,SPLIT,,Run,R,Rush,1,Y,OVER,,,3 SKY,1
15,0,D,2,6,1,M,BEAST,R,SPLIT,,Run,L,Penalty,-9,Y,BEAR,,,1 MAN,1
16,0,D,2,15,10,M,BEAST,,,,Run,R,Rush,-2,Y,,,,3 ROLL,1
88,0,D,2,9,-21,M,BEAST,L,SPLIT,,Pass,R,Incomplete,0,Y,OVER,,,3 SKY,3
89,0,D,3,9,-21,M,BEAST,R,SPLIT,,Pass,R,Complete,0,Y,STACK,,,3 SKY,3
90,0,D,4,9,-21,M,BEAST,L,SPLIT,,Pass,R,"Complete, TD",79,N,STACK,,,3 SKY,3
135,0,D,4,3,41,L,BEAST,R,SPLIT,,Pass,L,Incomplete,0,Y,STACK,,,3 ROLL,4
46,0,D,2,10,-32,M,SQUEEZE BUNCH,L,ACE,,Run,L,Rush,1,Y,STACK,,,3 ROLL,2
45,0,D,1,10,-32,M,SQUEEZE BUNCH,L,,,Run,R,Rush,0,Y,UNDER,,,3 ROLL,2
115,0,D,3,1,-37,L,,,EMPTY,,Run,R,Rush,16,N,OVER,,,,4
164,0,D,3,8,23,R,Bunch,L,,ROCKET,Pass,L,Complete,12,N,STACK,,,3 ROLL,4
119,0,D,3,1,28,M,,,EMPTY,,Run,L,Rush,-4,Y,STACK,,,,4
17,0,D,3,17,12,M,,,,,Run,L,Rush,5,Y,,,,,1
165,0,D,1,10,11,R,SQUEEZE BUNCH,L,,,Run,L,Rush,0,Y,,,,3 SKY,4
5,0,D,1,10,-26,L,BAMA,R,,,Pass,R,Complete,10,N,OVER,,,4,1
91,0,D,4,4,-31,R,,,,,,,Penalty,5,N,OVER,,,,3
112,0,D,1,10,-28,R,BAYLOR,L,,,,,Penalty,5,N,OVER,,,,4
106,0,D,1,10,-41,L,,,,,,,Timeout,0,Y,,,,,3
107,0,D,1,10,-41,L,,,,,Run,L,Rush,0,Y,,,,3,3
108,0,D,2,10,-41,L,SQUEEZE BUNCH,L,ACE,,Pass,R,Incomplete,0,Y,STACK,,,3 ROLL,3
14,0,O,1,10,-30,L,TRAY RT,R,ACE,ZEBRA,Run,L,Rush,4,Y,,,,,1
15,0,O,2,6,-34,L,TRAY RT,R,ACE,ZEBRA,Run,R,Rush,3,Y,,,,,1
16,0,O,3,3,-37,R,DODGE RT,R,,BUCK SWEEP,Run,R,Rush,4,Y,,,,,1
17,0,O,1,10,-41,R,DODGE RT,R,,BUCK SWEEP,Run,R,Rush,3,N,,,,,1
18,0,O,2,7,-44,R,,,,,,,Penalty,5,Y,,,,,1
19,0,O,2,2,-49,R,TRAY LT,L,ACE,ZEBRA,Run,L,Rush,5,Y,,,,,1
20,0,O,1,10,46,M,,,,,,,Penalty,-5,N,,,,,1
21,0,O,1,15,-49,M,TRAY LT,L,ACE,ZEBRA,Run,R,Rush,5,N,,,,,1
22,0,O,2,10,46,R,TAG RT,L,,BROWN ALL,Pass,L,Complete,5,Y,,,,,1
23,0,O,3,5,41,L,TRIPLE RT,R,ACE,BLUE,Pass,R,Complete,8,Y,,,,,1
24,0,O,1,10,33,M,DODGE LT,L,,BUCK SWEEP,Run,R,Rush,6,Y,,,,,1
25,0,O,2,4,27,R,DODGE RT,R,,BUCK SWEEP,Run,R,Rush,10,Y,,,,,1
26,0,O,1,10,17,R,,,,,,,Penalty,-5,N,,,,,1
27,0,O,1,15,22,R,DODGE RT,R,,ROCKET,Pass,L,Complete,6,Y,,,,,1
28,0,O,2,9,16,L,DODGE LT,L,,BUCK SWEEP,Run,L,Rush,-2,N,,,,,1
29,0,O,3,11,18,L,TRIPLE RT,R,ACE,E. KEY 4,Pass,L,Incomplete,0,N,,,,,2
36,0,O,1,10,-43,M,DODGE RT,R,,BUCK SWEEP,Run,R,Rush,1,N,,,,,2
37,0,O,2,9,-44,R,TRIPLE LT,L,ACE,E. KEY 2,Pass,L,Complete,7,Y,,,,,2
38,0,O,3,2,49,R,TRAY LT,L,ACE,ZEBRA,Run,R,Rush,7,Y,,,,,2
39,0,O,1,10,42,R,TRAY LT,L,ACE,ZEBRA,Run,R,Rush,4,Y,,,,,2
40,0,O,2,6,38,R,DODGE RT,R,,BUCK SWEEP,Run,R,Rush,7,Y,,,,,2
41,0,O,1,10,31,R,DODGE RT,R,,BUCK SWEEP,Run,R,Rush,6,Y,,,,,2
42,0,O,2,4,25,R,DODGE RT,R,,CRISS CROSS,Run,L,Rush,0,N,,,,,2
43,0,O,3,4,25,L,TRAY RT,R,ACE,ZEBRA,Run,R,Rush,8,Y,,,,,2
44,0,O,1,10,17,L,DODGE LT,L,,BUCK SWEEP,Run,L,Rush,6,Y,,,,,2
45,0,O,2,4,11,L,DODGE LT,L,,BUCK SWEEP,Run,R,Rush,3,Y,,,,,2
46,0,O,3,1,8,L,TANK LT,L,,L OTTER,Run,R,"Rush, TD",8,Y,,,,,2
51,0,S,2,11,34,M,,,,,,,,,,,,,,2
55,0,O,1,10,-24,L,,,,,,,Penalty,-5,N,,,,,2
56,0,O,1,15,-19,L,,,,,,,Penalty,-5,N,,,,,2
57,0,O,1,20,-14,L,TRIPLE RT,R,ACE,KEY 2,Pass,R,Complete,43,Y,,,,,2
58,0,O,1,10,43,R,DODGE RT,R,,ROCKET,Pass,L,Complete,9,Y,,,,,2
59,0,O,2,1,34,L,DODGE LT,L,,BUCK SWEEP,Run,L,Rush,-3,N,,,,,2
60,0,O,3,4,37,L,TRIPLE RT,R,ACE,BLUE,Pass,L,Penalty,15,Y,,,,,2
61,0,O,1,10,22,L,DODGE LT,L,,BUCK SWEEP,Run,L,Rush,2,N,,,,,2
62,0,O,2,8,20,L,TRIPLE RT,R,ACE,E. KEY 4,Pass,L,Complete,2,N,,,,,2
63,0,O,3,6,18,L,DAK,BAL,ACE,PACER WHEEL,Pass,L,Interception,,N,,,,,2
72,0,O,1,10,-19,L,TRAY RT,R,ACE,ZEBRA,Run,L,Rush,1,N,,,,,3
73,0,O,2,9,-20,L,DODGE LT,L,,ROCKET,Pass,R,Complete,8,Y,,,,,3
74,0,O,3,1,-28,R,TRAY LT,L,ACE,,Pass,R,Incomplete,0,N,,,,,3
77,0,O,1,10,50,M,TRAY RT,R,ACE,ZEBRA,Run,R,Rush,3,N,,,,,3
78,0,O,2,7,47,R,DODGE RT,R,,CRISS CROSS,Run,L,Rush,11,Y,,,,,3
79,0,O,1,10,36,L,DODGE LT,L,,BUCK SWEEP,Run,L,Rush,0,N,,,,,3
80,0,O,2,10,36,L,TRAY RT,R,ACE,ZEBRA,Run,L,Rush,15,Y,,,,,3
81,0,O,1,10,21,L,DODGE LT,L,,BUCK SWEEP,Run,L,Rush,-1,N,,,,,3
82,0,O,2,11,22,L,TAG LT,R,,BROWN ALL,Pass,R,Complete,5,N,,,,,3
83,0,O,3,6,17,M,DODGE RT,R,,BUCK SWEEP,Run,R,Rush,4,N,,,,,3
84,0,O,4,2,13,R,,,,,,,Penalty,-5,N,,,,,3
101,0,O,1,10,-33,R,TRAY LT,L,ACE,ZEBRA,Run,R,Rush,8,Y,,,,,3
102,0,O,2,2,-41,M,DODGE LT,L,,BUCK SWEEP,Run,L,Rush,1,Y,,,,,3
103,0,O,3,1,-42,M,TRAY RT,R,ACE,ZEBRA,Run,L,Rush,8,Y,,,,,4
104,0,O,1,10,50,M,TRAY RT,R,ACE,ZEBRA,Run,R,Rush,1,N,,,,,4
105,0,O,2,9,49,M,TAG LT,,,,,,Timeout,0,N,,,,,4
106,0,O,2,9,49,M,TAG LT,R,,BROWN ALL,Pass,R,Complete,6,Y,,,,,4
107,0,O,3,3,43,R,TRAY RT,R,ACE,ZEBRA,Run,R,Rush,7,Y,,,,,4
108,0,O,1,10,36,R,TRAY RT,R,ACE,ZEBRA,Run,L,Rush,5,Y,,,,,4
109,0,O,2,5,31,M,TRAY LT,L,ACE,ZEBRA,Run,R,Rush,2,N,,,,,4
110,0,O,3,3,29,M,TRAY RT,R,ACE,ZEBRA,Run,L,Rush,2,N,,,,,4
111,0,O,4,1,27,M,TRAY RT,R,ACE,ZEBRA,Run,L,Rush,-1,N,,,,,4
121,0,O,1,10,-32,M,TAG RT,L,,BROWN ALL,Pass,L,Complete,5,Y,,,,,4
122,0,O,2,5,-37,M,TRAY RT,R,ACE,ZEBRA,Run,L,Rush,7,Y,,,,,4
123,0,O,1,10,-44,L,TRAY LT,L,ACE,ZEBRA,Run,R,Rush,7,Y,,,,,4
124,0,O,2,3,49,M,TAG LT,R,,BROWN ALL,Pass,R,Complete,4,Y,,,,,4
125,0,O,1,10,45,R,TRIPLE LT,L,ACE,E. KEY 2,Pass,L,Complete,3,N,,,,,4
126,0,O,2,7,42,M,TRAY RT,R,ACE,ZEBRA,Run,R,Rush,4,Y,,,,,4
127,0,O,3,3,38,M,TAG RT,L,,BROWN ALL,Pass,L,Complete,4,Y,,,,,4
128,0,O,1,10,34,L,TRIPLE RT,R,ACE,BROWN ALL,Pass,R,Incomplete,0,N,,,,,4
129,0,O,2,10,34,L,DAK RT,BAL,ACE,PACER WHEEL,Pass,L,Scramble,-2,N,,,,,4
130,0,O,3,12,36,L,TRIPLE RT,R,ACE,PACER WHEEL,Pass,R,Incomplete,0,N,,,,,4
131,0,O,4,12,36,L,,,,,,,Penalty,-5,N,,,,,4
132,0,O,4,10,41,L,TRIPLE RT,R,ACE,SEATTLE,Pass,L,Complete,22,Y,,,,,4
134,0,S,,,,M,,,,,,,,,,,,,,4
137,0,O,1,10,25,L,TRAY RT,R,ACE,ZEBRA,Run,R,Rush,9,Y,,,,,4
138,0,O,2,1,16,M,TRAY RT,R,ACE,ZEBRA,Run,R,Rush,2,Y,,,,,4
139,0,O,1,10,14,M,TRAY RT,R,ACE,ZEBRA,Run,L,"Rush, TD",14,Y,,,,,4
141,0,O,1,10,25,L,TRAY RT,R,ACE,ZEBRA,Run,L,Rush,4,Y,,,,,4
142,0,O,2,6,21,L,TRAY RT,R,ACE,ZEBRA,Run,R,"Rush, TD",21,Y,,,,,4
1,0,S,,,,,,,,,,,,,,,,,,1
2,0,S,,,,,,,,,,,,,,,,,,1
3,0,S,,,,,,,,,,,,,,,,,,1
4,0,S,,,,,,,,,,,,,,,,,,1
5,0,S,,,,,,,,,,,,,,,,,,1
6,0,S,,,,,,,,,,,,,,,,,,1
7,0,S,,,,,,,,,,,,,,,,,,1
8,0,K,,,-40,R,,,,,KO,,Out of Bounds,,,,,,,1
13,0,K,4,14,-38,R,,,,,Punt Rec,,Fumble,,,,,,,1
18,0,K,4,12,7,M,,,,,FG Block,,Good,,,,,,,1
19,0,K,,,-40,L,,,,,KO Rec,,Return,,,,,,,1
20,0,O,1,10,-20,M,DODGE LT,R,ACE,ZEBRA,Run,R,Rush,-3,N,,,,,1
21,0,O,2,13,-17,M,EMPTY DODGE,,EMPTY,ROCKET,Pass,L,Complete,6,N,,,,,1
22,0,O,3,7,-23,L,TRIPLE RT,R,ACE,E. KEY 4,Pass,L,Complete,10,Y,,,,,1
23,0,O,1,10,-33,L,DODGE LT,R,,BUCK SWEEP,Run,L,Rush,2,N,,,,,1
24,0,O,2,8,-35,L,TANK RT,L,ACE,ITALY SLIP,Pass,R,Rush,6,Y,,,,,1
25,0,O,3,2,-41,R,,L,ACE,,,,Penalty,5,Y,,,,,1
26,0,O,1,10,-46,R,TANK BUNCH,L,ACE,ZEBRA,Run,L,Penalty,-10,N,,,,,1
27,0,O,1,20,-36,M,TAG LT,R,,BROWN ALL,Pass,R,Complete,8,Y,,,,,1
28,0,O,2,12,-44,R,DAK,BAL,ACE,PACER WHEEL,Pass,L,Incomplete,0,N,,,,,1
29,0,O,3,12,-44,M,TRIPLE LT,L,ACE,,Pass,,Penalty,-5,N,,,,,1
30,0,O,3,17,-39,M,TRIPLE LT,L,ACE,SEATTLE,Pass,R,Incomplete,0,N,,,,,1
31,0,O,4,17,-39,M,,,,,Run,L,Rush,-34,N,,,,,1
36,0,S,,,,,,,,,,,,,,,,,,1
37,0,S,4,14,14,M,,,,,Run,R,Rush,-9,Y,,,,4,2
38,0,O,1,10,-23,L,DODGE LT,R,,BUCK SWEEP,Run,L,Rush,-9,N,,,,,2
39,0,O,1,19,-14,L,TANK LT,L,,L OTTER,Run,R,Rush,3,N,,,,,2
40,0,O,2,16,-17,R,EMPTY LT,,,,,,Timeout,0,N,,,,,2
41,0,O,2,16,-17,R,TRIPLE LT,L,ACE,E. KEY 2,Pass,L,Complete,8,Y,,,,,2
42,0,O,3,8,-25,R,TANK RT,R,,CRISS CROSS,Run,L,Rush,7,N,,,,,2
43,0,O,4,1,-32,M,DODGE 13,,,,,,Timeout,0,N,,,,,2
44,0,K,4,1,-32,M,,,,,Punt,,Return,,,,,,,2
48,0,K,4,9,-33,M,,,,,Punt Rec,,Downed,,,,,,,2
49,0,O,1,10,-49,L,DODGE LT,R,,BUCK SWEEP,Run,L,Rush,3,N,,,,,2
50,0,O,2,7,48,L,TANK,R,,,,,Penalty,-5,N,,,,,2
51,0,O,2,12,-47,L,DODGE LT,R,,BUCK SWEEP,Run,L,Rush,2,N,,,,,2
52,0,O,3,10,-49,L,TRIPLE RT,R,ACE,SILVER,Pass,R,Complete,15,Y,,,,,2
53,0,O,1,10,36,R,DODGE RT,L,,BUCK SWEEP,Run,R,Rush,1,N,,,,,2
54,0,O,2,9,35,R,EMPTY DODGE,,EMPTY,BUCK SWEEP,Run,R,Fumble,7,N,,,,,2
58,0,K,4,1,-37,L,,,,,Punt Rec,,Out of Bounds,,,,,,,2
59,0,O,1,10,-30,R,EMPTY DODGE,,EMPTY,BUCK SWEEP,Run,R,Rush,5,Y,,,,,2
60,0,O,2,5,-35,R,TANK RT,R,,CRISS CROSS,Run,L,Rush,-3,N,,,,,2
61,0,O,3,8,-32,M,TRIPLE LT,L,ACE,KEY 4,Pass,R,Interception,,N,,,,,2
67,0,K,4,18,18,R,,,,,FG Block,,No Good,,,,,,,2
68,0,S,,,,,,,,,,,,,,,,,,2
69,0,K,,,-40,L,,,,,KO Rec,,Touchback,,,,,,,3
70,0,O,1,10,-20,R,TANK BUNCH RT,L,ACE,OTTER,Run,L,Rush,7,Y,,,,,3
71,0,O,2,3,-27,L,TANK BUNCH LT,R,ACE,,,,Penalty,-5,N,,,,,3
72,0,O,2,8,-22,L,TAG LT,R,,,Run,L,Rush,-19,N,,,,,3
73,0,O,3,27,-3,L,TRIPLE LT,L,ACE,BLUE,Pass,R,Penalty,24,N,,,,,3
74,0,O,3,3,-27,L,TRIPLE RT,R,ACE,BLUE,Pass,L,Penalty,27,Y,,,,,3
75,0,O,1,10,46,L,TRIPLE RT,R,ACE,BROWN,Pass,L,Complete,4,Y,,,,,3
76,0,O,2,6,42,L,DODGE,L,,,,,Penalty,-5,N,,,,,3
77,0,O,2,11,47,L,TRIPLE RT,R,ACE,BROWN,Pass,L,Complete,9,Y,,,,,3
78,0,O,3,2,38,L,TRIPLE RT,R,ACE,BLUE,Pass,R,Complete,1,N,,,,,3
79,0,O,4,1,37,R,TRES,L,ACE,,,,Penalty,-5,N,,,,,3
80,0,O,4,10,42,R,TRIPLE LT,L,ACE,BROWN,Pass,R,Complete,24,Y,,,,,3
81,0,O,1,10,18,R,DODGE RT,R,,BUCK SWEEP,Run,R,Rush,4,Y,,,,,3
82,0,O,2,6,14,R,TRIPLE LT,L,ACE,SEATTLE STOP,Pass,L,Incomplete,0,N,,,,,3
83,0,O,3,6,14,R,,,,,,,Penalty,-5,N,,,,,3
84,0,O,3,11,19,R,TRIPLE LT,L,ACE,SEATTLE,Pass,R,Incomplete,0,N,,,,,3
85,0,K,4,11,19,M,,,,,FG,,No Good,,,,,,,3
86,0,S,,,,,,,,,,,,,,,,,,3
91,0,S,,,,,,,,,,,,,,,,,,3
92,0,K,,,3,M,,,,,Extra Pt. Block,,Good,,,,,,,3
93,0,S,,,,,,,,,,,,,,,,,,3
94,0,K,,,-40,L,,,,,KO Rec,,Return,,,,,,,3
95,0,O,1,10,-25,R,OVERLOAD,R,ACE,OTTER,Run,R,Rush,21,Y,,,,,3
96,0,O,1,10,-46,R,TAG RT,L,,BROWN ALL,Pass,L,Complete,7,Y,,,,,3
97,0,O,2,3,47,L,TRIPLE RT,R,ACE,BLUE,Pass,R,Incomplete,0,N,,,,,3
98,0,O,3,3,47,M,OVERLOAD,R,ACE,OTTER,Run,R,Rush,2,N,,,,,3
99,0,O,4,1,45,M,OVERLOAD,R,ACE,OTTER,Run,R,Rush,14,Y,,,,,3
100,0,O,1,10,31,L,OVERLOAD,L,ACE,OTTER,Run,L,Penalty,-10,N,,,,,3
101,0,O,1,20,41,M,TRIPLE RT,R,ACE,BLUE,Pass,R,Complete,5,N,,,,,3
102,0,O,2,15,36,R,TRIPLE LT,L,ACE,SILVER,Pass,L,Incomplete,0,N,,,,,3
103,0,O,3,15,36,M,TRIPLE LT,L,ACE,SEATTLE STOP,Pass,L,Incomplete,0,N,,,,,3
104,0,O,4,15,36,R,TRIPLE LT,L,ACE,,,,Penalty,-5,N,,,,,3
105,0,O,4,10,41,R,TRIPLE LT,L,ACE,BLUE,Pass,L,Incomplete,0,N,,,,,3
110,0,K,4,8,-43,L,,,,,Punt Rec,,Downed,,,,,,,3
111,0,O,1,10,-19,M,TAG LT,R,ACE,BROWN ALL,Pass,R,Complete,5,Y,,,,,3
112,0,O,2,5,-24,M,TRIPLE LT,L,ACE,BLUE,Pass,L,Complete,6,Y,,,,,3
113,0,O,1,10,-30,L,TRIPLE RT,R,ACE,BROWN ALL,Pass,R,Incomplete,0,N,,,,,4
114,0,O,2,10,-30,L,TRIPLE RT,R,ACE,SEATTLE STOP,Pass,L,Complete,22,Y,,,,,4
115,0,O,1,10,48,L,DODGE LT,L,,BUCK SWEEP,Run,L,Rush,5,Y,,,,,4
116,0,O,2,5,43,L,TANK LT,R,,L OTTER,Run,R,Rush,5,Y,,,,,4
117,0,O,1,10,38,R,DODGE RT,R,,BUCK SWEEP,Run,R,Rush,5,Y,,,,,4
118,0,O,2,5,33,R,TAG RT,L,,BROWN ALL,Pass,L,Complete,1,N,,,,,4
119,0,O,3,4,32,L,DODGE LT,L,,BUCK SWEEP,Run,L,Rush,13,Y,,,,,4
120,0,O,1,10,19,L,EMPTY DODGE,,EMPTY,ROCKET,Pass,R,Complete,-1,N,,,,,4
121,0,O,2,11,20,R,TAG RT,L,,BROWN ALL,Pass,L,Complete,8,Y,,,,,4
122,0,O,3,3,12,L,DODGE LT,BAL,,BUCK SWEEP,Run,L,Rush,7,Y,,,,,4
123,0,O,1,5,5,L,DODGE LT,,,BUCK SWEEP,Run,L,"Rush, TD",5,Y,,,,,4
124,0,S,,,,L,,,,,,,,,,,,,,4
125,0,K,,,3,M,,,,,Extra Pt.,,Good,,,,,,,4
126,0,S,,,,,,,,,,,,,,,,,,4
127,0,K,,,-45,L,,,,,Onside Kick,,Recovered,,,,,,,4
134,0,K,4,8,46,M,,,,,Fake Punt,,Penalty,5,,,,,,4
136,0,O,1,10,-41,M,TAG LT,R,,SILVER,Pass,R,Complete,1,N,,,,,4
137,0,O,2,9,-42,R,TAG RT,L,,BROWN ALL,Pass,L,Complete,22,Y,,,,,4
138,0,O,1,10,36,L,TRIPLE RT,R,ACE,SEATTLE,Pass,L,Penalty,-5,N,,,,,4
139,0,O,1,15,41,L,TRIPLE RT,R,ACE,BROWN ALL,Pass,L,Penalty,5,N,,,,,4
140,0,O,2,10,36,L,TRIPLE RT,R,ACE,BLUE,Pass,L,"Complete, TD",36,Y,,,,,4
141,0,S,,,,,,,,,,,,,,,,,,4
142,0,K,,,3,M,,,,,Extra Pt.,,Good,,,,,,,4
143,0,S,,,,,,,,,,,,,,,,,,4
144,0,K,,,-25,L,,,,,KO,,Penalty,,,,,,,4
145,0,K,,,-20,L,,,,,KO,,Return,,,,,,,4
150,0,S,,,,,,,,,,,,,,,,,,4
151,0,K,,,3,M,,,,,Extra Pt. Block,,Good,,,,,,,4
152,0,S,,,,,,,,,,,,,,,,,,4
153,0,K,,,-40,L,,,,,KO Rec,,Return,,,,,,,4
154,0,O,1,10,-20,L,TRIPLE RT,R,ACE,E. KEY 4,Pass,L,Complete,12,Y,,,,,4
155,0,O,1,10,-32,L,DAK RT,BAL,ACE,PACER WHEEL,Pass,L,Complete,18,Y,,,,,4
156,0,O,1,10,50,L,DAK,BAL,ACE,,,,Penalty,-5,N,,,,,4
157,0,O,2,15,-45,L,DAK RT,BAL,ACE,PACER WHEEL,Pass,L,Complete,31,Y,,,,,4
158,0,O,3,10,24,M,TRIPLE RT,R,ACE,SEATTLE,Pass,L,Incomplete,0,N,,,,,4
159,0,K,4,10,24,L,,,,,FG,,Penalty,-5,,,,,,4
160,0,K,4,15,20,L,,,,,FG,,Good,,,,,,,4
161,0,S,,,,,,,,,,,,,,,,,,4
168,0,S,,,,,,,,,,,,,,,,,,4
169,0,K,,,3,M,,,,,Extra Pt. Block,,No Good,,,,,,,4
170,0,S,,,,,,,,,,,,,,,,,,4
171,0,O,1,10,25,R,DODGE RT,L,,BUCK SWEEP,Run,R,Rush,1,N,,,,,4
172,0,O,2,9,24,R,TAG RT,L,ACE,BROWN ALL,Pass,L,Complete,1,N,,,,,4
173,0,O,3,8,23,L,TRIPLE RT,R,ACE,BLUE,Pass,R,Incomplete,0,N,,,,,4
174,0,O,4,8,23,L,DAK RT,BAL,ACE,PACER WHEEL,Pass,L,Scramble,5,N,,,,,4
2,0,K,,,-40,L,EMPTY,R,EMPTY,,KO,,Return,,,,,,,1
3,0,D,1,10,-24,R,PRO,R,,,Pass,L,Incomplete,0,Y,,,,,1
4,0,D,2,10,-24,R,DODGE,R,,OTTER ROCKET,Pass,L,Complete,-1,Y,OVER,,,,1
5,0,D,3,11,-23,L,,L,,,Run,R,Rush,3,Y,,,,,1
6,0,K,4,8,-26,M,Duke Off,BAL,ACE,,Punt Rec,,Fair Catch,,,,,,,1
7,0,O,1,10,-47,M,TWINS,BAL,ACE,,Pass,L,Incomplete,0,N,,,,,1
8,0,O,2,10,-47,M,TWINS,BAL,ACE,,Run,L,Rush,12,Y,,,,,1
9,0,O,1,10,41,L,BASE 3 BACK,BAL,,,Run,R,Penalty,-8,N,,,,,1
10,0,O,1,18,49,L,TRIPS,R,ACE,,Pass,R,Sack,-5,N,,,,,1
11,0,O,2,23,-46,L,TRIPS,R,ACE,,,,Penalty,-5,N,,,,,1
12,0,O,2,28,-41,L,DAK,BAL,,,,,Penalty,-5,N,,,,,1
13,0,O,2,33,-36,L,TRIPS,R,ACE,,Pass,R,Complete,27,Y,,,,,1
14,0,O,3,6,37,M,DUBS ACE,R,,,Pass,R,Incomplete,0,N,,,,,1
15,0,O,4,6,37,M,,,,,,,Penalty,-5,N,,,,,1
16,0,K,4,11,42,M,,,,,Punt,,Fair Catch,,,,,,,1
17,0,D,1,10,-17,M,,R,,,Run,R,Rush,11,N,,,,,1
18,0,D,1,10,-28,R,SLOT,L,,,Run,L,Rush,10,N,,,,,1
19,0,D,1,10,-38,L,,R,,,Run,R,Rush,19,N,,,,,1
20,0,D,1,10,43,L,,R,,,Run,R,Penalty,-10,Y,,,,,1
21,0,D,1,20,-47,L,,,,,Run,R,Rush,14,N,,,,,1
22,0,D,2,6,39,L,,R,,,Run,R,Rush,10,N,,,,,1
23,0,D,1,10,29,M,DODGE,R,,,Run,R,"Rush, TD",29,N,,,,,1
24,0,K,0,,3,M,,,,,2 Pt. Defend,R,No Good,,,,,,,1
25,0,S,0,,,,,,,,,,,,,,,,,1
26,0,K,1,10,-40,M,,,,,KO Rec,,Return,,,,,,,1
27,0,O,1,10,-41,R,,,ACE,,Run,L,Rush,-1,N,,,,,1
28,0,O,2,11,-40,M,SQUEEZE TRIPLE BUNCH,L,ACE,,Run,L,Rush,6,Y,,,,,1
29,0,O,3,5,-46,L,TWINS,BAL,ACE,,Pass,L,Complete,3,N,,,,,1
30,0,O,4,2,-49,L,TWINS,BAL,ACE,,,,Timeout,0,N,,,,,1
31,0,K,4,2,-49,L,BASE 3 BACK,BAL,,,Punt,,Downed,,,,,,,1
32,0,D,1,10,-31,R,DODGE,R,,,Run,L,Rush,13,N,,,,,1
33,0,D,1,10,-44,L,SLOT,R,,,Run,L,Rush,4,N,,,,,1
34,0,D,2,6,-48,L,SLOT,R,,,Pass,R,"Complete, TD",52,N,,,,,1
35,0,K,0,,3,M,,,,,Extra Pt. Block,,Good,,,,,,,1
36,0,K,0,,-40,M,,,,,KO Rec,,Return,,,,,,,1
37,0,O,1,10,-23,M,TIGER 3,R,ACE,,Run,L,Rush,2,N,,,,,1
38,0,O,2,8,-25,L,BASE 3 BACK,BAL,,,,,Timeout,0,N,,,,,1
39,0,O,1,10,-25,L,TRIPS,R,ACE,,Pass,L,Sack,-8,N,,,,,2
40,0,O,2,18,-17,L,TRIPS,R,,,Pass,R,"Sack, Safety",,,,,,,2
41,0,K,0,,-40,M,,,,,KO,,Return,,,,,,,2
42,0,D,1,10,44,R,TWINS,BAL,,,Run,L,Rush,14,N,,,,,2
43,0,D,1,10,30,R,OPEN,R,,,Run,R,Rush,4,N,,,,,2
44,0,D,2,6,26,R,,,,,,,Penalty,5,N,,,,,2
45,0,D,2,1,21,R,,R,,,Run,R,"Rush, TD",21,N,,,,,2
46,0,K,0,,3,M,,,,,Extra Pt. Block,,Good,,,,,,,2
47,0,K,0,,-40,M,,,,,KO Rec,,Out of Bounds,,,,,,,2
48,0,O,1,10,-35,R,OPEN,L,,,Run,L,Rush,2,N,,,,,2
49,0,O,2,8,-37,L,TIGER 3,R,ACE,,Run,L,Rush,2,N,,,,,2
50,0,O,3,6,-39,L,TRIPS,R,ACE,,Pass,R,Complete,4,N,,,,,2
51,0,O,4,2,-43,M,,,,,,,Timeout,0,N,,,,,2
52,0,K,4,2,-42,M,,,,,Punt,,Return,,,,,,,2
53,0,D,1,10,-30,L,DAK,BAL,,,Pass,R,Complete,13,N,,,,,2
54,0,D,1,10,-43,R,,R,,,Run,L,Rush,-8,Y,,,,,2
55,0,D,2,18,-35,R,DODGE,R,,,Run,R,"Rush, TD",65,N,,,,,2
56,0,K,0,,3,R,,,,,Extra Pt. Block,,Good,,,,,,,2
57,0,K,0,,-40,M,,,,,KO Rec,,Penalty,-5,,,,,,2
58,0,K,0,0,-35,M,,,,,KO Rec,,Return,,,,,,,2
59,0,O,1,10,-31,M,TRES,L,ACE,,Run,L,Rush,2,N,,,,,2
60,0,O,2,8,-33,L,TWINS,BAL,ACE,,Pass,L,Incomplete,0,N,,,,,2
61,0,O,3,8,-33,L,DAK,BAL,ACE,,Run,L,Rush,0,N,,,,,2
62,0,K,4,8,-33,L,,,,,Punt,,Fair Catch,,,,,,,2
63,0,D,1,10,50,R,,,,,Run,L,Rush,5,N,,,,,2
64,0,D,2,5,45,R,,L,,,Run,L,Rush,35,N,,,,,2
65,0,D,1,10,10,R,DODGE,L,,,Run,L,"Rush, TD",10,N,,,,,2
66,0,K,0,,3,M,,,,,Extra Pt. Block,,Good,,,,,,,2
67,0,K,0,,-40,M,,,,,KO Rec,,Return,,,,,,,2
68,0,O,1,10,-20,M,TRES,R,ACE,,Run,L,Penalty,-5,N,,,,,2
69,0,O,1,15,-15,M,TRAILER OFF,R,ACE,,Run,R,Rush,3,N,,,,,2
70,0,O,2,12,-18,M,DUBS ACE,R,ACE,,Pass,R,Incomplete,0,N,,,,,2
71,0,O,3,12,-18,M,,,,,,,Timeout,0,N,,,,,2
72,0,O,3,12,-18,M,TRIPS,L,ACE,,Pass,R,Complete,45,Y,,,,,2
73,0,O,1,10,37,R,TRIPS,L,ACE,,Pass,R,Incomplete,0,N,,,,,2
74,0,O,2,10,37,R,TRIPS,L,ACE,,Pass,R,Incomplete,0,N,,,,,2
75,0,O,3,10,37,R,DUBS ACE,L,ACE,,,,Penalty,-5,N,,,,,2
76,0,O,3,15,42,R,TRIPS,L,ACE,,Pass,R,Penalty,15,Y,,,,,2
77,0,O,1,10,27,R,TRIPS,L,ACE,,Pass,L,Incomplete,0,N,,,,,2
78,0,O,2,10,27,R,TRIPS,L,ACE,,Pass,R,Incomplete,0,N,,,,,2
79,0,O,3,10,27,R,TIGER 3,L,ACE,,Pass,L,Interception,,N,,,,,2
80,0,D,1,10,-45,R,TRIPS,L,,,Run,R,Rush,5,N,,,,,2
81,0,D,2,5,50,R,TRIPS,L,,,Run,R,Rush,5,N,,,,,2
82,0,D,1,10,45,R,TRIPS,L,,,Pass,R,Complete,24,N,,,,,2
83,0,D,1,10,21,R,TRIPS,L,,,Pass,R,Incomplete,0,Y,,,,,2
84,0,D,2,10,21,R,TRIPS,L,,,Pass,L,Complete,18,N,,,,,2
85,0,D,1,3,3,M,TRIPS,L,,,Run,R,Rush,2,N,,,,,2
86,0,D,2,1,1,M,BASE 3 BACK,BAL,,,Run,R,"Rush, TD",1,N,,,,,2
87,0,K,0,,3,M,,,,,Extra Pt. Block,,No Good,,,,,,,2
88,0,K,0,,-40,M,,,,,KO Rec,,Return,,,,,,,2
89,0,O,1,10,-18,M,,,,,Run,,Rush,-3,N,,,,,2
90,0,O,2,13,-15,R,TRAILER OFF,L,ACE,,Run,L,Rush,-1,N,,,,,3
91,0,S,2,11,,,TRIPS,R,ACE,,,,,,,,,,,3
92,0,O,3,14,-14,M,,,,,Pass,L,Incomplete,0,N,,,,,3
93,0,O,4,14,-14,M,TRIPS,R,ACE,,Pass,L,Interception,,N,,,,,3
94,0,D,1,10,22,R,Duke Off,BAL,,,Pass,R,Complete,-9,Y,,,,,3
95,0,D,1,19,31,R,Duke Off,BAL,,,Pass,R,Incomplete,0,Y,,,,,3
96,0,D,2,19,31,R,TRIPS,L,,,Run,R,Recovered,-4,Y,,,,,3
97,0,D,3,23,35,R,TRIPS,L,,,Pass,L,Incomplete,0,Y,,,,,3
98,0,K,4,23,35,R,,,,,Punt Rec,,Downed,,,,,,,3
99,0,O,1,10,-5,L,TWINS,BAL,ACE,,Run,R,Rush,4,Y,,,,,3
100,0,O,2,6,-9,M,Dos DOUBLE,R,ACE,,Run,L,Rush,0,N,,,,,3
101,0,O,3,6,-9,L,TRIPS,R,,,Pass,L,Incomplete,0,N,,,,,3
102,0,K,4,6,-9,L,BASE 3 BACK,BAL,,,Punt,,Return,,,,,,,3
103,0,D,1,10,29,L,TRIPS,R,,,Run,L,Rush,7,N,,,,,3
104,0,D,2,3,22,L,BASE 3 BACK,BAL,,,Pass,R,Complete,4,N,,,,,3
105,0,D,1,10,18,R,TRIPS,L,ACE,,Pass,L,Incomplete,0,Y,,,,,4
106,0,D,2,10,18,R,,,,,Run,R,Rush,0,Y,,,,,4
107,0,D,3,10,18,R,TRIPS,L,ACE,,Pass,L,Complete,11,N,,,,,4
108,0,D,1,7,7,L,DOUBLES,L,,,Run,R,Rush,4,N,,,,,4
109,0,D,2,3,3,L,DOUBLES,L,,,Run,L,Rush,-2,Y,,,,,4
110,0,D,3,5,5,L,DAK,BAL,,,Pass,L,"Complete, TD",5,N,,,,,4
111,0,K,0,,3,M,,,,,Extra Pt. Block,,Good,,,,,,,4
112,0,K,0,,-40,M,,,,,KO Rec,,Return,,,,,,,4
113,0,O,1,10,-27,M,TRES,R,ACE,,Run,L,Rush,2,N,,,,,4
114,0,O,2,8,-29,M,DOUBLES,L,ACE,,Run,R,Rush,3,N,,,,,4
115,0,O,3,5,-32,R,TRAILER OFF,L,,,Pass,L,Complete,2,N,,,,,4
116,0,K,4,3,-34,L,,,,,Punt,,Downed,,,,,,,4
117,0,D,1,10,-41,L,DAK,BAL,,,Pass,R,Complete,1,Y,,,,,4
118,0,D,2,9,-42,R,TRIPS,L,,,Run,L,Rush,4,Y,,,,,4
119,0,D,3,5,-46,R,TRIPS,L,,,Run,R,Rush,11,N,,,,,4
120,0,D,1,10,43,R,,,,,Run,,Rush,-1,Y,,,,,4
